Community number,ideasfortheadmins,Capitalism,Bad_Cop_No_Donut,pl,MensRights,auto,occult,Unanimous,Eve,FirefoxAddons,news,bugs,sexzone,Computerhi5news,cannabis,videos,comicbooks,archlinux,freeculture,rbeder,AvrilLavigneNude,scientology,NonAustrianEconomics,energy,motherapproves,italy,theDailyBash,vlogging,KONCEPIA,Webmasters,MedicalTourism,WorldWideNews,choicetoes,lgbt,gnu,computerviruses,quotes,smallbusiness,electronic_cigarette,USPE08,todayilearned,norsehorse,Havoc,Coffee,punk,Planisoft,selfimprovement,antiwar,Donnalition,charts,Entrepreneur,sailing,socialite,codeprojects,IndustrialDesign,norge,yose3637,antiterrorism,PS3,smart,security,aerospace,social_bookmarking,sarcasm,ZinioBest,German,evolution,picture,love,engineering,interestingasfuck,computerCognition,confessions,PROHACK,weei,aikido,Graffiti,CARTOON,happyatwork,computers,sharingjesus,l33t,Quakers,self,Virginia,NechFried,Francophone,Apocalypse,SUPERBSUB,language,personal,lol,INTP,Webmaster,ledelse,software,Dietandhealth,TurkishMusic,NotASubreddit,IntellectualReddit,Komikya,d_language,nonprofit,euro,PublicAccounts,Poetry,microsoft,abortionisprolife,japan,Military,Amateur,india,ass,ireland,Conservative,latinascaliente,LIND,jesselfp,usa,socialism,LSD,Afton,typography,addictionrecovery,CanineCare,Bacon,windows,intelligent,PhoneBoothsAndWater,animation,redditdev,Wolffe,ExDiggers,Liberty,crazydoglady,conspiracy,finance,VolvoRWD,arguments,programming_ru,literature,crime,cocoadev,Gaza,worldnews,Shimer,Sobhaneh,hacking,AmericanGovernment,Jokes,Northwestern,pwdc,hjphotocontest09,snobs,gossip,dailyping,firebirdinterbase,Marijuana,AnimalRights,southcarolina,geopolitics,RedefineGod,Vacations,bayarea,Volvo,BSG,magicTCG,kebek,Taringames,grist,DotSiamMove,trailer,anehoward,deals,cocoa,Arithered,Bukkake,Charlievacs,Blogging,Gays,ComputerSecurity,Endue,prowrestling,yourweek,AquariumFish,theology,norulesMMA,Outdoors,lost,Socialize,WildWildEast,DLP,Palm,digg,Homebrewing,Sneakers,FitnessTraining,opensource,Psychonaut,search,collapse,artrockmusicvideos,thinggo,Ekin,merry,KLUG,Feedback,skiing,ruby,Synthac,LotoSpot,freemusic,shortstories,statistics,DailyMail,Grecian,Internet,skateboarding,psl,futurama,catfight,hiphop,templates,AmericanHistory,lily19800828,wanderlust,CLVideos,Religion20,PirateParty,law,mac,argentina,controversial,siamdownload,ViolentAcres,breakglass,debian,smokefree2009,DaddyDesign,circlejerk,browsers,Pets,electronicmusic,europe,cogsci,taoism,trolls,progressive,google,Quebec,abortion,whilehigh,dior_lei,Flex,pssnaked,AspiringMarketer,beer,MMJ,newengland,MeditatiiMatematica,food,travel,labor,RockClimbing,dnorton,ArtCrit,sharepoint,math,alcohol,django,juddy,Tribes2,benben_liu88_self,gay,simplicity,AnimatedGifs,nsfwvideos,haskell_proposals,snowboarding,newyork,trt,chicago,Survive,impoliteconversation,Green,IanTaylor,suggestions,NativeAmerican,environment,furry,OneSourceNews,ThriftstoreTreasure,longisland,lego,GreaseMonkey,agi,Elior,UsInjins,trance,RealDatingReviews,A1Buys,islam,Scotch,softwaredevelopment,ferrets,BestGamesEver,id,tiantiankankan,Celtic,istanbul,Pricks,TopTen,plasma,FinanceNews,sandbox,punthreads,science,koreangamenewstest1,iphone,OutdoorGB,Heroes_In_Blue,motorsports,2008is1929,WikiDashboard,spain,Chinese,btoone,ASPNET,Tootsiewag,skwguitar,MyVacations,marketing,climate,startrek,zombies,Catholic,dailywtf,scientific,Database,Nachhilfe,Dallas,hzqinong,fr,investing,seizures,beards,PHP,Wordpress,tabletop,ccdelacruz,firefox,religiousdebate,dak,HomeCareConsult,wow,timelapses,Freethought,Transhuman,useful,economics2,space,getpresales,stocks,motorcycle,providentestate,BadBosses,photography,blogs,web_design,fffffffuuuuuuuuuuuu,erlang,graffiticreator,Jaguar,Clemson,Stargate,DandD,pic,SewerHorse,agnosticism,claudy,Christianity,ciencia,CommonLaw,petpeeve,refreshing,latinoamerica,PKD,conspiracies,JoshuaGreeblatt,PSP,joel,Israel,ANTISHARIA,cevre,mechatronics,television,worldnews2,happy,Omaha,WhiteMenGoneWild,Marxism,PhotoWeek,linux,Futurism,investment,ukpolitics,Judaism,scriptaculous,Portland,chrome,hockey,SocialMarketing,Drugs,womenofreddit,PartTimeGreen,bash,businessnews,schneier,WorldWidePolitics,timetravel,CouchDB,windowshots,sv,NewAgeReligion,Design,foreignpolicy,2600,sex,dictionary,Cryptogon,streetviews,writing,Scotland,C4L,RoyalPenny,Chrislonestar19,Frugal,SOS,Libertarian,livableplaces,aReddit,perl,alaska,tea,discordia,zeppelins,de,selfhelp,Colorado,PalinProblem,haxe,longvideos,natasa,ja,ImpulzMesta,made,Kucinich,Jose,venkey,BayuAditya,piratereddit,ForgottenBookmarks,smalltalk,PoliticalHumor,recipes,sociology,left4dead,magick,bestlogosoftheworld,Inauguration,kokonios,couchsurfing,RSTEPOS,JohnGalt60,DIY,Rachelle_de_Bretagne,Animals,netaudio,WebNews,WTF,FreshNewz,education,es,Writings,lolcats,sketches,indierock,WorldHistory,talbottteas,parent,nature,d1g,lovereddit,it,SATHISH,dickofthemonth,Vegetarianism,penis,aragon,seduction,rails,Phonebooths,aww,morrissey,context,worldpolitics,hdemici,crackthecracker,scheme,Gusari,Xred2,religion,theGRATEFULreddit,Catholicism,zh,formulaone,SuicideWatch,PhotoBlog,CHERRY,fsm,racing,Lexuschik,programming,robotics,Ambientalmente,cpp,cinnati,hugeboobs,greentea,WhineyBitch,rap,xTRUMANx,Parenting,unrestricted,FelineCare,Tiquicia,nl,meta,RantRave,france,newzealand,userscripts,Pirate,NotMadeInChina,oddities,minaolen,agile,AmericanPolitics,Gothic,Traumatized,Astronomy,deutschland,LegalTeens,idea,onlinegames,yoga,Jazz,culture,oliveoil,lisp,Documentaries,Francie,Art,mises,linguistics,SophiesWorld,break,podcasts,SalesLogix,StarWars,Cooking,leafpocolypse,chemistry,pics,Buddhism,Provocations,AntiChristianity,Desktop_Wallpaper,Polska,science2,puzzles,BLOGai,ReverseEngineering,newspapers,webdesign,FreeSpeechZone,socialmedia,guns,pys60,Victor123,BilalYousaf,memphis,entertainment,LazyStudents,Cobrafilmes,poker,JDJournal,KarmaArmy,hentai,FutureNetExpo2009,Jojo,astro,spiritual,milf,mykittygifts,1337,ru,joomlatricks,pittsburgh,BlackOps,cars,gundem,blackculture,polyphasic,arbejdsglaede,bhajans,celebrities,apple,C_Programming,nin,Austin,FashionTechnology,biggfun,dotnet,nadzrin,economy,lists,craigslist,TrafficGuy,PiratesTreasure,FatCamp,OnlineResume,TimeTravellers,Sexy,AHMED3,radio,911truth,Abah,haskell,independent,Cattoumei,NCSU,bobdylan,BestPsychTutorials,anime,kyonounnsei,mikemorgan7,rit,JADIE11,mahesh,MillionaireMommy,Pictures,discussions,srpski,_Dermalogica_Skin,ask,Diggolo,wikipedia,tech,idigbikes,Economics,ads,gratefuldead,spirituality,hotmanflesh,Shedworking,computergraphics,things,reddithelp,CHILDPROTECTIVE,IPlaw,steak,scala,gadgets,torrents,youhavenochance,PrimetimePolitics,bestof,depression,Survival,ITnews,russia,PoliticalPhilosophy,electronics,hurts_my_eyes,BYB,nodown,nsfw,SHL,Denmark,ecogreensingapore,AnnikRubens,Webometrics,Anarcho_Capitalism,ProfanityStopper,grammar,amateur_pics,cycling,yahoo,ashokartgallery,fascinating,reggae,laven,javascript,spam,costarica,no,Gunners,ko,Kerala,hackers,women,catswithbacon,Macrumorslive,video,zen,Dhimmitude,netsec,Omemo,belgium,sl,Compilers,technology,leetsuit,kansascity,youtube,ecoreddit,musicians,bloggerdal,vivahabandhan,Guitar,goodforjanney,PixelArt,autism,Etab,sub,Bedrijfsevenementen,phish,oldlive,brothels,architecture,ASC,drunk,doctorwho,media,ronpaul,ultimate,martialarts,webstartups,lectures,techculture,police,WebGames,deanver,Clojure,coins,meetup,braga,vmware,wood,kde,HerbalCure,productivity,egalitarian,howto,texas,waaagh,motorcycles,folk,pixels,war,UnsolvedMysteries,work,geek,Starbuck76,minnesota,leaked,xkcd,BSD,Weird,AskProggit,Commediait,unitedkingdom,beerpong,rpg,virtualworlds,australia,Cleveland,psychopharmacology,schoonology,Movie,Zappa,ZenHabits,AdultChildren,jobpostings,SEC,compsci,feminisms,AVANT_GARDE,philosophy,history,horror,jobs,visualization,trippy,podcast,Rockband,melbourne,USSO286I,consume,Fishing,bsafe,topfranchisenews,reddit.com,SWMM,AmericanMilitary,LostFound,Atlanta,Fashionation,Anarchism,soccer,racism,AmerikanPolizei,4chan,artofliving,expressionengine,sydney,Anthropology,Communist,atheism,sunil,portugal,webcomics,scifi,idiotwatch,shemale,sports,ocaml,java,BuildYourJacket,haiku,ohwhataworld,crossfit,bicycling,skeptic,newreddits,weed,ohm,RedditWroteIt,undergroundfilm,celebrity,programming_puzzles,LosAngeles,Louisiana,GoTAnime,Gadgetsmantra,hypatia,Jantewatch,GreenProducts,visualeffects,Emo,giveaways,mexico,starcraft,Somalioz,YoDawg,badmusic,conspiracyhub,Autos,Warhammer,semanticweb,Metal,Mandrake007,Michigan,RacistReddit,sarahishere,Equus,reason,surfing,comedy,Ubuntu,joinbjporg,vagina,gothicandhorror,AnxietyPanic,inthoughts,wowsers,dearnewyorktimes,canada,Goodcops,Lire,allaboutauto,WeAreTheMusicMakers,Hunting,mortens,government,activism,cute,flash,daily,Harlem6,Android,england,FIlm,britishcolumbia,original,ideas,Brian01,HeyReddit,emacs,RecoveryReddit,Riddle,git,bestofcraigslist,culturalstudies,nyc,ada,worstof,Kiteboarding,Switzerland,unix,Debtfreehispanic,FreelanceGeeks,hrw,Kazazic,NewAthens,dietcola,vegan,UFOs,redsox,Uniongal,germany,renaissance,geyik,Twitter,hardware,audioengineering,Esperanto,psychology,farts,Iceland,humor,Sex_Offender_Issues,AskReddit,Fitness,fakenews,fallacy,BagLovers,Investmenteria,indianjokes,Addicted2Salsa,FoodBlog,webdev,baseball,mszypko,ralphwiggum,ijustreddit,matheducation,bdsm,area51,actlocally,obama,MapleLinks,fail,Physics,britpolitics,pointless,MacleansMagazine,ResistTyranny,Bujinkan,wireless,vim,gonewild,JairDynast,test30459830,gender,macprogramming,Games,Igor,China,networking,Alem,intj,ebooks,WedgieGirls,Subterranean,health2,sinema,business,MusicFail,czech,MoosePatrol,weeklyaddress,FreedishQuick,Sandeep,SiMilitary,Bondage,bulgaria,Volkswagen,charities,nsfwnonporn,Alabama,comics,MMA,dickoftheyear,Chinie,osx,startups,Drexel,RedditRetards,Janit,triangle,DelawarePolitics,Colaguy101,Islamofascism,leBuzzdeLamar,Infowars,compling,books,Music,newhaven,Health,Boobies,movies,formula1,tr,destinationsinbrazil,musictheory,lojban,insomnia,joos,Seattle,cimigo,gardening,serbia,software2,Ninjas,Peiman,loveblogthing,California,girlskissing,Lusitania,Pizza,Python,vancec,redditchan,drmremoval,whedon,Monterrey,fashion,Viking,xbmc,aviation,politics,Paranormal,test,sanfrancisco,Zombie,boston,youknowwhattodo,lostsucks,StandUpComedy,Chatbots,FinePrintNYC,redheads,Shane,kultur_sanat,veg,offbeat,baduk,religionhating,programming_pets,operabrowser,classicalmusic,00001,SarahOakie,shortstory,miglioramento,Krugman,gaming,RamaOne,russian,Desiboy,funny,WomenOfColor,bbnapoli,GlobalistNews
0,3,,1,,17,12,,10,,,37,,,,1,147,,,,,,2,5,10,,,,,,,,3,1,19,1,,,,,,11,,,,,,,,,,,,3,1,,,,,8,,,2,,,,,,,1,1,1,,1,,1,,6,1,,,,,,30,,,,,,,,1,,,,6,,,,,,,,,3,,3,,6,4,,11,10,,,,,,4,1,,,,,,24,,,,,1,,,,,11,1,,,,3,8,,,88,,,,,3,,,,1,5,,,48,,,,,,,,,1,,,,,,,,,,,,,,1,,,,,1,,,2,2,,,,1,,,,8,,,2,,,,,,1,,,,,,,,,,1,,,,,,,1,,3,,,,3,1,1,,,,,,2,,,2,10,6,,9,,,,2,,,,,,,,7,,1,,39,6,,,,,,13,,,,,,,,,2,,,,,1,,,6,,,,37,,,1,,,,,,,,,,1,,,,,,,,,,1,,,,,129,,1,,,,,,,,,,,,,,,,3,,,,,,,,,,,,,,,,3,2,,,,,6,1,,,10,,,,,,37,2,26,2,,,,,,,5,,,,18,,1,,,,,2,,1,2,5,,,,2,,20,,,,,79,,,2,,,,,1,,8,,,,,1,,,,5,,,17,,4,23,,,,7,,,,,23,,13,,,1,,1,,,1,,1,1,,1,,,,,,,,,,,,,1,,,,,,,,,,,,3,,,424,,,,,18,,,,,,4,,5,,,,,6,,1,,,37,,,13,,,1,,,8,,,,,71,3,,1,1,,62,2,,,,,,,,,,,,,,,,,,,,,,,,1,1,,3,,7,2,,,,1,1,1,,,10,,3,,,,,,10,,1,389,2,,,,,1,,,1,,,1,,11,,,,,94,,,1,,,,,,,,,,2,,,,,,,,,,,5,9,,,1,,,,,18,5,5,,,,,,10,,,1,,5,2,,,,,7,,,,,,,7,,,,1,,43,,,26,2,,,1,,,2,,,,,,41,,1,,74,6,,,,,1,1,,,111,,,,,,,,1,,,,,,,,,,,,,,,3,13,1,,11,2,,7,,,,,116,,,1,,1,,,,,,,1,,,,,,,,7,3,,2,,,,2,,,5,,,,2,,,,5,,,2,6,,,1,1,,,,,55,,,1,10,,,,,5,,1,,12,,,,,,1,,1,,2,5,3,26,11,,,,,1,,,,,,,,965,,,,,,6,1,,,6,,,,5,,64,,,1,17,,,48,,1,,1,,,10,1,3,,,,,2,,,,,,,,,,,2,,,,,,,1,,,3,,,,,4,1,,,8,,,,1,,,,21,,,,28,,,4,,,,,,,,,,,1,,,,,,,1,,7,,4,,,,,,,,,,1,1,1,,,,,,5,,,14,,,36,,1327,,,,,,,,,,,,1,,,,3,1,54,,,3,,,,,,,1,24,,,1,,,,,,,,,,,,,64,,,,,,,,6,,,,1,,83,3,,,6,1,,1,,,,,,,,,10,72,,57,9,43,,,,1,,,,1,,4,,,17,,,1,,,,8,,4,,1,,1,1,,,229,,,1,,1,,1,3,,,,,,,140,,,,,,,,4,,,115,,,,258,,,
1,,,5,,2,1,,1,,,17,,,,2,32,1,,,,,2,4,35,,,,,,,,1,,,,,,,,,4,,,,,,,,,,,,,1,,,,,5,,,,,,,,3,,,,,,,,,,,,,,,,,7,,,,2,,,,,,,,3,,,,1,,,,5,,,,,,3,,,,,,,,,,5,,,,,,4,,,,,,,,,,6,1,,,,,,,,108,,,,1,,,,,,,,,18,,,,,,,,1,,,,,,,,,,,,,,,,,,,,,,,,,,,,,,,,,,,25,,,,,,,,,,,,,,,,,,,,,,,,,,1,,,2,,,,,,,,,,,,,,1,19,1,,,,,,,,,,,,,,,18,,,,,1,,10,,,,,,,,,,1,,,,,,1,11,,,,130,,,,,,,,,,,,,,,,1,,,,,,,,,,,,114,,2,,,,,,,,,,,,,,,,,,,1,,,,,,,,,,,,,,1,,,,,3,,,,15,,,,,,5,,10,,,,,,,,,,,,,,2,,,,,1,,,,1,,,,,,4,,,,,23,,,3,,,,,3,,2,,,,,,,,,,,1,,,,6,,10,,2,,,,,13,,113,,,5,,,,,,,,,,,,1,,,,,,,,,,,,,,,,,,,,,1,,,,,101,,4,,,4,,,,,,2,,,,,,,,,,,,1,,,20,,,,,,3,,,,,1,,,,,,67,1,,,,,,,,,,,,,,,,,,,,,,,,8,,,2,1,,,,,,,,1,,,6,1,2,,,,,,2,,2,86,1,,,,,,1,,,,,,,17,,,,,55,,,,,,,,,4,,,,,,,1,2,,,,,,,2,10,1,,,,,,,50,,,,,,,,,,,,,11,3,,,,,1,,,,,,,1,2,,,,,19,,,286,,,1,,,,,,,,,,17,,,,9,,,,,,,,,,10,,,,,,,,,,,,,,,,2,,,,,,,,1,,,1,,,15,,,,,81,,,1,,,,,,,,,,,,,,,,,,,,11,,,,,,1,1,,,,,,,,,,,,1,,,,,,1,,,13,,,,,2,,,,8,,,,3,,,,,,2,,,,8,2,,16,8,,,,,,,,,,,,,573,,,,,,15,,,,,,,,,,64,,,,16,,,20,,,,,,,1,,,,,,,,,,,,,,,,,,,,,,,,,1,,,,,,1,,,2,,,1,,,,,,,,59,,,,6,,,2,1,,,,,,,,1,,,,,,,,,,,,,,,1,,,,,,,,,4,,,,,,,4,,,3,,,10,,71,,,,,,,,,,,,,,,,,,25,2,,,,,,,,,1,1,,,,,1,,,2,,,,,,,,192,,,,,,,,,,,,,,29,11,,,1,,,,,,,,,,,,2,33,,7,1,5,,,,,,,,,,,,,,,,,,,,2,,,,,,,,,,514,1,,,,,,,,,,,,,,27,,,,,,,,,,,25,,,,64,,,
2,1,,2,,5,,3,,,,25,,,,1,96,1,,,,,1,,6,,,,,,,,1,,9,1,,,,,,,,,2,,,,1,,,,,,,,,,,2,,,,,,,,1,,,,,,,,,,,,,,,,,9,,,,,,,,1,,,,,,,,,,,,1,,,,,1,2,2,5,6,,,,,,2,1,,,,,,7,,,,,,,,,,2,,,,,1,,,,67,,,,,6,,,,,3,,,45,,,,,,3,,,,,,,,,,,,1,,,,,,,,,,,,,,1,,,,,,,,1,1,,,,,,,,,,,,,,,,,,,,,,,,,,,,,,,2,,,,,,,,,,,,,,,7,1,,,,,,,,,,,4,,,,5,,,,,1,,10,,,,,,,,,,,,,,,,,1,,,,15,2,,,,1,,,,,,,,3,,,,,,,5,,,,,,,,154,,,,,,,,,,,,,,,,1,,1,,,,,,,,,1,,,,,,,,10,,,,,12,,,,1,,,,,,,,5,,,,,,,,,,,,15,,,,,,,1,,1,1,7,,,,,,10,,2,,,26,2,,3,,,,,,,18,,,,,,,,,1,,,3,,,3,,,,6,,,,,8,,12,,,,,,,,,,,,,,,,,,,,,,,,,,,,,,,,,,,,1,,3,,,106,,10,,,7,,1,,,,,,,,,,1,1,,,,,2,,,8,,,,,,39,,,,,2,,,,,,84,1,,1,,,,,,,,,,,,,,,,,,,,,,4,,,2,,3,,,,,,,1,,,10,,6,,,,,,5,,,171,13,,,,,1,1,,,,,,3,2,,,,,55,,,,,,,,,,,,,,,,,,,,,,,,,4,,,,,,1,,6,1,,,,4,,,2,,,,,6,5,,,,,,,,,,,,,,,,1,,19,,,12,2,,,,,,,,,,,,15,,,,5,,,,,,,,,,41,,,,,,1,1,,,,,,,,,2,,,,,,,,,1,,7,,,3,,,,,86,,,1,,1,,,8,,,,,,,,,,,,4,1,,2,,,,,,,7,,,,,,,,,,1,2,6,,,1,,,,,,14,,,,3,,,,,,,1,,4,,,,,,1,,,,1,5,,69,11,,,,,,,,,,,,,539,,,1,,,5,,,,1,,,,,,685,,,,6,,,16,1,,,14,,,3,2,1,,,,,,,,,,,,,,,,3,,,,,,,1,,,21,,,,,,2,,,,,,,,,,,24,,,,11,,,,,,,,,,,,,,,,,,,,,,,,,,,,,,,1,,,,,,,,,,,,,1,,3,,,18,,77,,,,,,,,,,,,,,,,,,8,,1,1,,,,,,,,5,,,,,,,1,,,,,,,,,37,1,,,,,,,,,,,,,33,1,,,,,,,,,,,,,,,13,35,,17,,7,,,,,,1,,,,2,,,,,,,,,,3,,1,,,,,,,,292,,1,,,,,,,,,,,,,75,,,,,,,,,,,62,2,,,108,1,,
3,,,,,2,,,,,,46,,,,4,39,1,,,,,1,,9,,,,,,,,1,,4,,,,,,,2,,,1,,,,,,,,,,,,,,12,1,,,,,,,,,,,,,,,,,,,,,,,,,17,,,,,,,,,,,,2,,,,1,,,,1,,,,,3,8,1,1,5,,,,,,2,1,,,,,,8,,,,,,,,1,,37,,,,,,,,,1249,,,,,1,,,,,2,,,39,,,1,,,,,,,,,,,,,,,,,,,,,,,,,,,,,,,,,,,,,4,2,,1,,,,,,,,10,,,,,,,,,,,,,1,,1,,,,,,2,1,,,,,,,,,,1,,,,4,,,,,,,,,,,,4,4,,,8,1,,,,1,,7,,1,,,,,,,,,,,,2,,,1,,,,24,2,,,,,,,,,,,,10,,,,,,,,,,,,,,,91,,3,,,,,,,,,,,,,,,,2,,,,,,,,,,,,,,,,2,,,,,,1,,,,4,,,,,,2,,7,,,,,,,,4,,,,5,,,,,,,,,,,143,3,,,1,1,2,,1,,,32,,,6,,,,,,,6,,,,,,,,,,,,5,,,9,,5,,2,,,,,3,,19,,,1,,,,,,,,2,,1,,,,,,,,,,,,,,,,,,,,,,,,,,,,172,,,1,,,,,,,,1,,,,,,,,,,,,7,,,81,,,,,,15,,,,,,1,,,,,75,,,,,,,,,,,,,,,1,,,,,,,,,,2,,,1,,1,,,,,,1,1,,,2,1,3,,,,,,1,,,199,1,,,,,,,,,,,,,8,,,,,41,,,,,,,,,2,,1,,,,,,2,,,,,,,4,17,,,,,,,,17,1,1,,,,,,6,,1,,,3,14,,,,,,,,,,,,7,,,,,,9,,,52,,,,,,,,,,,,,10,,,,15,2,1,,,,1,,,,25,,,,,,,,1,,,,,,,,,,,,,,,1,6,,,5,,12,4,,,,,117,,,,,,,,1,,,,,,,,,,,,,,,3,,,,,,,1,,,,,,,,,,1,1,1,,,,,,,,,14,,,,2,,,,,9,,3,,63,,,,1,,1,,,,1,2,,4,27,,,,,,,,,,,,,921,,,,,,10,,,,,,,,3,,98,,,,14,,,13,,,,,,,3,,2,,,,,,,,,,,,,,,,,,,,,,,,,,2,,,10,,,,,,2,,,,,,,,15,,,,6,,,1,,,,,,,1,,,,,,,,,1,,,,,,1,,,,,,,,,,,,1,,,,,,2,,,1,,,11,,71,2,1,,,,,,,,,,,,,,,1,15,,,2,1,1,,,,,1,2,,,,,,,,,,,,,,,,53,,,,,,,,,,,,,,26,2,,,7,,,,,,,,22,,,,7,28,,24,1,4,,,,,,,15,,,,,,1,,,,1,,,2,,,,,,,,,,824,,,2,,,,,,,,,,,,30,,,,,,,,,,,33,,,,95,,,
4,,,,,2,,,,,,17,,,,,16,,,,,,,,,,,,,,,,,,3,,,,,,,,,,,,,,,,,,,,,,,,,,,,,,,,,,,,,,,,,,,,,,,,,,1,,,,,,,,,,,,,,,,1,,,,,,,,,,2,,,,,1,,,,,6,,,,,,10,,,,,,,,,,1,,,,,,6,,,41,,,,,,,,,,1,,,10,,,,,,,,,,,,,,,,,,,,,,,,,,,,,,,,1,,,,,,,,,,,3,,,,,,,,,,,,,,,,,,,,,,,,,,,,,,,,,,,,,,,,1,,,,4,,,,,,,,,,,,3,,,,5,,,,,,,5,,,,,,,,,,,,,,3,,,,,,,6,,,,,,,,,,,,,,1,,,,,,,,,,,,,,65,,1,,,,,,,,,,,,,,,,3,,,1,,,,,,,,,,1,,,3,,,,,,,2,,,4,,,,,,5,,2,,,,,,,,,,,,4,,,,,,,,,,,,,,,,,9,,,,3,14,,,,,,,,3,,2,,,,,,,,,,,,1,,,2,,1,,,,,,,3,,21,,,,,,,,,,,,,,,,,,,,,,,,,,,,,,,,,,,,,,1,,,86,,3,,,,,,,,,,,1,,,,,,,,,,2,,,1,,,,,,6,,,,,2,,,,,,25,1,,,,,,,,,,,,,,,,,,,,,,,,,,,1,,,,,,,,,,,,,,3,,,,,,,,1,121,1,,,,,,,,,,,,,,,,,,27,,,1,,,,,,,,,,,,,,,,,,,,,2,7,1,,,,,,,3,,1,,,,,,1,,,,,,,,,,,,,,,,,,,,,,,,7,,,17,,,,,,,,,,,,,16,2,,,3,,,,,,,,,,24,,,,,,,,,,,,,,,,,,,,,,,,3,,,,,,3,,,,,74,,,,,,,,,,,,,,,,,,,,,,,3,,,,,,,,,,,,,,,1,,1,,3,,,,,,,,,20,,,,1,4,,,,1,,7,,12,,,,,,,,,,,1,,3,2,,,,,,,,,,,,,325,,,,,,1,3,,,,,,,,1,26,,,,5,,,4,,,,,1,,,1,,,,,,,,,,,,,,,,,1,,,,,,,,,,,,,,,,,,,,,,,,,,,14,,,,1,,,1,,,,,,1,,,,,,,,,,,,,,3,,,,,,,,1,,,,,,,,,,,,1,,,2,,,1,,43,,,,,,,,,,,,,,,,,,10,,,,,,,,,,,1,,,,,,,,3,,,,,,,,29,,,,,,,,,,,,,,34,2,,,2,,,,,,,,,,,,9,20,,5,,12,,,,,,,,,,,,,,,,,,,,,,,,,,,,,,91,,,1,,,,,,,,,,,,33,,,,,,,,,,,90,,,,71,,,
5,,,,,49,,,,,,33,,,,,50,,,,,,,,3,,,,,,,,,,2,,,,,,,,,,,,,,,,,,,,1,,,,,1,,,,,,,,,,1,2,,,,,,,1,,,,,,,1,,,,,,,,,,,,,,,,,,,,,,,1,1,,2,2,4,7,,,,,,,,,,,,,9,,,,,,,,,,12,,,,,,,,,52,,,,2,,,,,1,,,,10,,,,,,1,,,,,,,,1,,,,,,,,,,,,,,,,,,,,,,,,,,1,,,1,,,,,,,,,,,,,,,,,,,,,,,,,,,,,,1,,,,,,,,,,,,,,6,,,,,,1,,,,,,2,,,,2,2,,,,,,1,,,,1,,,,,1,,,,,,,1,,,,,2,,,,,,,,,,,,,,,,,,,,,,,,,,,,53,,,,,,,,,,,,,,,,,,,,,,,,,,,,,,1,,,,,,,,,,1,,,2,7,,1,,,,9,,5,,,,,,,,,,,,1,,,,,,,,,,2,,,,,,,5,,,,,25,,,,,,,,,,,,,,,,,,,7,,,,,,14,,,,4,,,,,1,,1,,,,,1,,,,,,,,,,,,,,,,,,,,1,,,,,,,,,,,,,,,,187,,,,,13,,,,,,,,,,,,,3,,,,,8,,,18,,,,,,3,,,,,2,4,,,,,18,,,,,,,,1,,,,,1,,,,,,,,,,,,1,,,1,,3,,,,,,,,1,,3,,,,,,,,2,,,132,,,,,,,,,1,,,,1,,,,,,91,,,,,,,,,1,,,,,,,,,,,,,,,1,4,,,,,,1,,12,3,,,,,,,10,,,,,,,,,,,1,,,,,,,,,,,,1,4,,,16,,,,,,,1,,,,,,6,2,,,3,,,1,,,,,,,57,,,,,,,,,,,,,,,,,,,,3,,,1,3,,,14,,,1,,,,,35,,,,,,,,2,,,,,,,,,,,,,,,1,,,,1,,,1,,,,,,,,,,1,,5,,,,,,,,,22,,,,2,,,,,2,,,,,,,,,,,,,,1,,,,2,,,,,,,,,,,,,345,,,,3,,5,,,,1,,,,,,53,,,,6,,,23,,,,,,,9,,,,,,,,,,,,,,,,,,,,,,,,,,,,,,,,,,,,,,,,,,,,,1,,,,8,,,,,,,,,,,,,,,,,,,,,,,,,1,,,,,,,,,,,,,,,,,,,,,1,1,,14,,12,,,,,,,,,,,,,,,,,,10,1,,2,,,,,,,,6,,,,,,,,,,,,,,,,23,,,,,,,,,,,,,,25,,,,,,,,,,,,,,,,4,31,,8,8,18,,,,,,,,,,,,,,,,,,,,1,,,,,,,,,,158,,,1,,,,,,,,,,,,73,,,,,,,,,,,33,,,,118,,,
6,,,,,25,,,,,,4,,,,,,,,,,,,,2,,,,,,,,,,,,,,,,,1,,,,,,,,,,,,,,,,,,,,,,,,,,,,,,,,,,,,,,,,,,,1,,,,,,,,,,,,,,,,,,,,,,,,,1,,,,,,,,,,,,,,,,,3,,,,,,,,1,,2,,,,,,,,,9,,,,,2,,,,,,,,3,,,,,,,,,,,,,,,,,,,,,,,,,,,,,,,,,,,,,,,,,,,,,,,,,,,,,,,,,,,,,,,,,,,,,,,,,,,,,,,,,,,,,,,2,,,,,,,,,,,,2,,,,,,,,,,,,,,,,,,,,,,,,,,,,,,,,3,,,,,,,,,,,,,,,,,,,,,,,,,,,,36,,,,1,,,,,,,,,,,,,,,,,,,,,,,,,,,,,,,,,,,,1,,,,,,,,,,,,1,,,,,,,,,,,,,,,,,,,,,,,,,,,,,2,,,,,9,,,,,,,,,,1,,,,,,,,,,,,,,,,,,,,,,,,1,,,,,,,,,,,,,,,,,,,,,,,,,,,,,,,,,,,,,,,,,,,8,,,,,1,,,,,,,,,,,,,,,,,,,,,2,,,,,,,,,,,,,,,,,3,,,,,,,,,,,,,,,,,,,,,,,,,,,,,,,,,,,,,,,,,,,,,,,,,,,16,,,,,,,,,,,,1,,,,,,,4,,,,,,,,,,,,,,,,,,,,,,,,,,,,,,,,,1,,,,,,,,,,,,,,,,,,,,,,,,,,,,,,,,,,,,,,,,,,,,,,,,2,,,,,,,,,,,,,,3,,,,,,,,,,,,,,,,,,,,,,,,,,,1,,,,,,,,5,,,,,,,,,,,,,,,,,,,,,,,,,,,,,,,,,,,,,,,,,3,,,,,,,,,,1,,,,1,,,,,,,,,,,,,,,,,,,,,,,2,,,,,,,,,,,,,94,,,,,,1,,,,,,,,,,3,,,,3,,,,,1,,,,,,,,,,,,,,,,,,,,,,,,,3,,,,,,,,,,,,,,,,,,,,,,,,,48,,,,1,,,,,,,,,,,,,,,,,,,,,,,,,,,,,,,,,,,,,,,,,,,1,,,,,,1,,16,,,,,,,,,,,,,,,,,,1,,,,,,2,,,,,,,,,,,,,,,,,,,,,4,,,,,,,,,,,,,,8,,,,,,,,,,,,,,,,,4,,,,,,,,,,,,,,,,,,,,,,,,,,,,,,,,,,20,,,,,,,,,,,,,,,8,,,,,,,,,,,45,,,,12,,,
7,,,,,8,,,,,,4,,,,,9,,,,,,,1,,,,,,,,,,,2,,,,,,,,,,,,,,,,,,,,,,,,,,,,,,,,,,,,,,,,,,,,,,,,,,1,,,,,,,,,,,,1,,,,,,,,,,,,,2,,,,,,,,,,,,,,,,,,,,,,,,,,,,,,,,,,,,9,,,,,,,,,,,,,2,,,,,,,,,,,,,,,,,,,,,,,,,,,,,,,,,,,,,,,,,,,,,,,,,,,,,,,,,,,,,,,,,,,,,,,,,,,,,,,,,,,,,,,1,,,,,,,,,,,,,,,,,,,,,,,1,,,,,,,,,,,,,,1,,,,,,,3,,,,,,,,,,,,,,,,,,,,,,,,,,,,11,,,,,,,,,,,,,,,,,,,,,,,,,,,,,,,,,,,,,,,,,,,,1,,,,,,,,3,,,,,,,,,,,,,,,,,,,,,,,,,,,,,,,,,,1,,,,,,,,,,,,,,,,,,,,,,,,,1,,1,,,,,,,5,,2,,,,,,,,,,,,,,,,,,,,,,,,,,,,,,,,,,,,,,,,,10,,,,,,,,,,,,,,,,,,,,,,,,,,,,,,,,,,,,,,,,,,,2,,,,,,,,,,,,,,,,,,,,,,,,,,,,,,,,,,,,,,,,,,,,,,,,,,,8,,,,,,,,,,,,,,9,,,,,13,,,,,,,,,,,,,,,1,,,,,,,,,,3,,,,,,,,1,,,,,,,,,,,,,,,,,,,,,,,,,,1,,,,,,2,,,5,,,,,,,,,,,,,,,,,2,,,,,,,,,,1,,,,,,,,,,,,,,,,1,1,,,,,,,,,,,,,2,,,,,15,,,,,,,,,,,,,,,,,,,,,,,8,,,,,,,,,,,,,,,,,,,,,,,,,,,,2,,,,,,,,,,,,,,,,,,,,,,,,,,1,1,,,,,,,,,,,,,247,,,,,,2,,,,,,,,,,18,,,,2,,,8,,,,,,,3,,,,,,,,,,,,,,,,,,,,,,,,,,,,,,,,,,,,,,,,,,,,,1,,,,1,,,,,,,,,,,,,,,,,1,,,,,,,,,,,,,,,,,,,,,,,,,,1,,,,,,1,3,9,,,,,,,,,,,,,,,,,1,12,,,,,,,,,,,3,,,,,,,,,,,,,,,,14,,,,,,,,,,,,,,1,,,,,,,,,,,,,,,,5,3,,6,,,,,,,,,,,,,,,,,,,,,,,,,,,,,,,,202,,,,,,,,,,,,,,,17,,,,,,,,,,,31,,,,9,,,
8,,,,,6,,,,,,10,,,,33,5,,,,,,,,3,,,,,,,,,,,,,,,,,,,,1,,,,,,,,,,,,,,,,,,1,,,,,,,,,,,,,,,,,,,,,,1,,,,,,,,2,,,,1,,,,,,,,,,2,1,,2,1,,1,,,,,,,1,,,,,,,,,,,,,,,,,3,,,,,,,,,34,,,,1,,,,,,,,,77,,,,,,,,,,,,,,,,,,,,,,,1,,,,,,,,,,,,,,,,,,1,,,,,,,,,,,,,,1,,,,,,,,,,,,,,,,,,,,,,,,,,,,,,,,2,,,,1,,,,,,,,1,10,,,1,,,,,,,1,,,,,,,,,,,,,,,,,2,,,,8,,,,,,,,,,,,,2,,,,,,,,,,,,1,,,32,,,,,,,,,,,,,,,,,,1,,,,,,,,,,,,,,,,,,,,,,2,,,,9,,,,,,1,1,,,,,,,,,,,1,,1,,,,,,,2,,,,6,2,,,,,1,,,,,1,,,,,,,,,,5,,,,,,,,,,,,,,,13,,,,,,,,,,,4,,,,,,,,,,,,,,,,,,,,,,,,,,,,,,,,,,,,,,,,,53,,,,,,,,,,,1,,,,,,,,,,,,2,,,5,,,,,,4,,,,,2,,,,,,12,,,,,,,,,2,,,,,,,,,,,,,,,,1,,,2,,,,,,,,,1,3,,,,,,,,,,,,,39,1,,,,,,,,,,,,,3,,,,,14,,,,,,,,,,,,,,,,,,,,,,,,,1,,,,,,,,12,,,,,,,,,,,,,1,,,,,,,,,,,,,,,,,1,,4,,,6,,,1,,,,,,,,,,5,,,,2,,,1,,,2,,,,11,,,,,,,,,,,,,,,,,,,,,,,,,,,1,,,1,,,,,22,,,,,,,,,,,,,,,,,,,,,,,4,,,,,,,,,,,,,,,,,,1,,,,,,,,,,,,,,,,,,,,,,,2,,,,,,,1,,2,1,1,,,,,,,,,,,,,,,,163,,,,,,1,,,,,,,,,,33,,,,3,,,3,,,,,,,1,6,,,,4,,,,,,,,,,,,,,,,,,,,,,,,,,,,,,,,,,,,,,,,3,,,,,,,1,,,,,,,,,,,,,,,,,,,,,,,,,,,,,,,,,,,,,,,,,,,1,,,1,,17,,,,,,,,,,2,,,,,,,,8,,,,,,,,,,,,,,,,,,,,,,,,,,,4,,,,,,,,,,,,,,12,1,,,,,,,,,,,,,,,,7,,13,,2,,,,,,,,,,10,,,,,,,,,,2,,,,,,1,,,,148,,,,,,,,,,,,,,,6,,,,,,,,,,,11,,,,40,,,
9,1,,,,9,,,,,,4,,,,,13,,,,,,,,3,,,,,,,,1,,3,,,,,,,,,,,,,,,,,,,,1,,,,,1,2,,,,,,,,,,,,,,,,,,,,,,,,7,,,,,,,,,,,,1,,,,,,,,,,,,,,,,,,,,,,,,1,,,,,,12,,,,,1,,,,,1,,,,,,,,,34,,,,,,,,,,,,,9,,,,,,,,,,,,,,,,,,,,,,,1,,,,,,,,,,,,,,,,,3,,,1,,,,,,,,13,,,,,,,,,,,,,,,,,,,,,3,1,,,,,,,,,1,3,,,,4,,,,,,,,,,,,3,1,,,5,,,,,1,,31,,,,,,,,,,8,,,,,,,,,,,12,,,,,,,,,,,,,,,,,,,,,,,,,,,,69,,1,,,,,,,,,,,,,,,,,,,1,,,,,,,,,6,,,,,2,,,,,1,,,,4,,,,,,2,,18,,1,,,,,,,,,,1,,,,,,,,,,,,,,,,,1,,,,,45,,,,,,,,1,,,,,,,,,,,,,,5,,,5,,,,4,,,,,1,,3,,,4,2,,,,,,,,1,,,,,,,,,,,,,,,,,,,,,,,,2,,,,,83,,1,,,1,,,,,,1,,2,,,,,,,,1,,6,,,5,,,1,,,8,,,,,4,,,,,,806,,,9,,,,,,,,,,,,,,,2,1,,,,,,,,,1,,1,1,,,,,,6,,,,,,,,,,,,,,97,,,,,,,,,,,,,,4,,,,,24,,,,,,,,,,,,,,,,,1,,,,,,,,30,,,,,,2,,7,,1,,,,,,3,,,,,35,1,,,,,3,,,1,,,,,,,,2,,8,1,,22,,,,,,,,1,,,,,8,,,,19,,,,,,,,,,28,,,,,,,,,,,,,,,,9,,,,,,,2,1,,,,,,9,,,,,105,,,,,,,,,,,,,,,,,,,,,3,,,,,1,3,,,7,,,,,,,,,,,,1,,,,,,,,,33,,,,3,2,,,,9,,,,5,,,,,,,,,,9,,,4,1,,,,,,,,,,,,,233,,,,,,3,,,,1,,,,,,39,,,,11,,,5,,,,,,,4,,3,,1,,,,1,,,,,,,,,,,,,,,,,,,,,,,,,,1,,,,,,,,,,,26,,,,5,,,1,,,,,,,,,,,,,,1,,,,1,,,,,,,,,,,,,,1,,,,,,,,4,,,2,,,3,,96,2,,,,,,,,,,,,,,,,,7,,,2,,,2,,,,2,5,,,,,,,,,,,,,,,,23,,,,,,,,,,,,,,38,1,,,,,,,,,,,,,,,1,12,,6,5,6,,,,,,,,,,3,,,2,,,,,,,35,,2,,,,,,,,98,,,,,,,,,,,,,,,27,,,,,,,,,,,70,1,,,63,,,
10,,,,,1,,,,,,,,,,,,,,,,,,,,,,,,,,,,,,,,,,,,,,,,,,,,,,,,,,,,,,2,,,,,,,,,,,,,,,,,,,,,,,,,3,,,,,,,,,,,,1,,,,,,,,,,,,,,,,,,,,,,,,,,,,,,,,,,,,,,,,104,,,,,,,,,11,,,,1,,,,,,,,,,,,,,,,,,,,,,,,,,,,,,,,,,,,,,,,,,,,,,,,,2,,,,,,,,,,,2,,,,,,,,,,,,,,,,,,,,,,,,,,,,,,,,,,,,1,,,,1,,,,,,,,,,,,,,,,,,,3,,,,,,,,,,,,,,,,,,,,,,,,,,,,,,,,,,,,,,,,,,,,,,,,,11,,,,,,,,,,,,,,,,,,,,,,,,,,,,,,,,,,,,,,,,,,,,3,,,,,,,,,,,,,,,,,,,,,,,,,,,,,,,,,,,,,,,,,,2,,,,,,,,,,,,,,,,,,,,,,,,,,,,,,,,,,,9,6,,,,,,,,,,,,,,,,,,,,,,,,,,,,,,,,,,,,1,,,,,32,,,,,,,,,,,,,,,,,,,,,,,,,,,,,2,,,,,,,,,,,,,,22,,,,,,,,,,,,,,,,,,,,,,,,,,,,,,,,,,,,,,,,,,,,,,,,,,,27,,,,,,,,,,,,,,1,,,,,2,,,,,,,,,,,,,,,,,,,,,,,,,1,,,,,,,,,,,,,,,,,,,4,,2,,,,,,,,,,,,,,,,,,,,,,16,,,,,,,,,,,,,1,,,,,,,,,,,,,,6,,,,,,,,,,,,,,,,2,,,,,,,,1,,,,,,1,,,,,11,,,,,,,,,,,,,,,,,,,,,1,,3,,,,,,,,,,,,,,,,,,,,,,,,,,,,2,,,,,,,,,,,,,,,,,,,,,,,,,,,,,,,,,,,,,,,,105,,,,,,,1,,,,,,,,,,,,,,,,,,,,,,,,1,,,,,,,,,,,,,,,,,,,,,,,,,,,,,,,,,,,,,,,,,,,,,,,,4,,,,,,,,,,,,,,,,,,,,,,,,,,,,,,,,,,,,,,,,,,,,,,,,,2,,6,,,,,,,,,,,,,,,,,,1,,,,,,,,,,,,,,,,,,,,,,,,,,,7,,,,,,,,,,,,,,2,1,,,,,,,,,,,,,,,,,,1,,,,,,,,,,,,,,,,,,,,,,1,,,,,,,,,,70,,,,,,,,,,,,,,,5,,,1,,,,,,,,3,,,,9,,,
11,,,,,,,,,,,1,,,,,7,,,,,,,,,,,,,,,,,,2,,,,,,,,,,,,,,,,,,,,,,,,,,,,,,,,,,,,,,,,,,,,,,,,,,,,,,,,,,,,,,4,,,,,,,,,,,,,,,,,,,,,,,,,,,,,,,,,,,,,,,,,,,,,,,,,2,,,,,,,,,,,,,,,,,,,,,,,,,,,,,,,,,,,,1,,,,,,,,,,,,,,,,,,,,,,,,,,,,,,,,,,,,,,,,,,,,,,,,,,,,,,,,,,,,,,,,1,,,,,,,,,,,,,,,,9,,,,,,,2,,,,,,,,,,,,,,,,,,,,,1,,,,,,,,,,,,,,,,,,,,,,,,,,,,5,,3,,,,,,,,,,,,,,,,,,,,,,,,,,,,,,,,,,,,,,,,,,,,,,,,,,2,,,,,,,,1,,,,,,,,,,,,,,,,,,,,,1,,,,,2,,,,,,,,3,,1,,,,,,,,,,,,,,,,,,,1,,,,,2,,,,,,,,,,,,,,,,,,,,,,,,,,,,,,,,,,,,,,,,,,,6,,,,,,,,,,,,,1,,,1,,,,,,,,,,,,,,,,,,,,,,,,,,,4,,,,,,,,,,,,,,,,,,,,,,,,,,,,,,,,,,,,,,,,,,,,,,,,11,,,10,,,,,,,,,,,,,,,,,,,10,,,,,,,,,,,,,,,,,,,,,,,,,3,,,,,,,,,,,,,,,,,,,,,,,,,,,,,,,,,,,,,,,,,,,,,,,,,,,,,,,,1,,,,3,,,,,,,,,,4,,,,,,,,,,,,,,,,,,,,,,,,,,,,,,,,,,,4,,,,,,,,,,,,,,,,,,,,,,,,,,,,,,1,,,,,,,,,,,,,,,,,,,,,2,,,1,,,,,,,,1,,3,,,,,,,,,,,,,,,,,,,,,,,,,,,24,,,,1,,,,,,,,,,,,2,,,1,1,,,2,,,,,,,,,,,,,,,,,,,,,,,,,,,,,,,,,,,,,,,,,,,,2,,,,,,,,,,,,6,,,1,,,,,,,,,,,,,,,,,1,,,,,,,,,,,,,,,,,,,,,,,,,,,,,1,,5,,,,,,,,,,,,,,,,,,1,,,,,,,,,,,2,,,,,,,,,,,,,,,,2,,,,,,,,,,,,,,4,,,,1,,,,,,,,,,,,,31,,1,,,,,,,,,,,,,,,,,,,,,,,,,,,,,,,,7,,,,,,,,,,,,,,,8,,,,,,,,,,,12,,,,6,,,
12,,,,,,,,,,,,,,,,,,,,,,,,,,,,,,,,,,,,,,,,,,,,,,,,,,,,,,,,,,,,,,,,,,,,,,,,,,,,,,,,,,,,,,,,,,,,,,,,,,,,,,,,,,,,,,,,,,,,,,,,,,,,,,2,,,,,,,,,,,,,,,,,,,2,,,,,,,,,,,,,,,,,,,,,,,,,,,,,,,,,,,,,,,,,,,,,,,,,,,,,,,,,,,,,,,,,,,,,,,,,,,,,,,,,,,,,,,,,,,,,,,,,,,,,,,,,,,,,,,,,,,,,,,,,,,,,,,,,,,,,,,,,,,,,,,,,,,,,,,,,,,,,,,,,,,,,,,,,,,,2,,,,,,,,,,,,,,,,,,,,,,,,,,,,,,,,,,,,,,,,,,,,,,,,,,,,1,,,,,,,,,,,,,,,,,,,,,,,,,,,,,,,,,,,,,,,,,,,,,,,,,,,,,,,,,,,,,,,,,,,,,,,,,,,,,,,,,,,,,,,,,,,,,,,,,,,,,,,,,,,,,,,9,,,,,,,,,,,,,,,,,,,,,,,1,,,,,,,,,,,,,,,,,,,,3,,,,,,,,,,,,,,,,,,,,,,,,,,,,,,,,,,,,,,,,,,,,,,,,,,,12,,,,,,,,,,,,,,,,,,,1,,,,,,,,,,,,,,,,,,,,,,,,,1,,,,,,,,,,,,,,,,,,,,,,,,,,,,,,,,,,,,,,,,,,,,,,,,,,,,,,,,,,,,,,,,,,,,,,1,,,,,,,,,,,,,,,,,,,,,,,,,,,,,,1,,,,,5,,,,,,,,,,,,,,,,,,,,,,,,,,,,,,,,,,,,,,,,,,,,,,,,,,,,,,,,,,,,,,,,,,,,,,,,,,,,,,,,,,,,,,,,,,,33,,,,,,,,,,,,,,,,2,,,,,,,,,,,,,,,,,,,,,,,,,,,,,,,,,,,,,,,,,,,,,,,,,,,,,,,,,,,,,,,1,,,,,,,,,,,,,,,,,,,,,,,,,,,,,,,,,,,,,,,,,,,,,,,,,,,12,,,,,,,,,,,,,,,,,,1,,,,,,,,,,,,,,,,,,,,,,,,,,,,,,,,,,,,,,,,,,,,,1,,,,,,,,,,,,,,,,,,,,,,,,,,,,,,,,,,,,,,,,,,,,,,,4,,,,,,,,,,,,,,,,,,,,,,,,,,,,,,4,,,
13,,,1,,,,,,,,1,,,,,20,,,,,,,,2,,,,1,,,,,,5,,,,,,,,,,,,,,,,,,,,,,,,,,,1,,,,,,,,,,,,,,,,,,,,,,,3,,,,,,1,,,,,,2,,,,,,,1,,,,,,1,1,,,,,,,,,7,,,,,,,,,,,,3,,,1,,,,,,,,,,1,24,,,,1,,,,,,,,,,,,,,,,,,,,,,,,,,,,,,,,,,,,,,,,,,,,,,,,,,,,,,,,,,,,,,,,,,,,,,,,,,,,,,,,,,,,,,,,,,,,,,,,2,,,,,,,,,,,,,,,,,2,,,,,,1,,,,,,,,,,,,,,,,,1,,,,,,,,,,,,,,,,,,,,,,,,,,,,,,,,26,,,,,,,,,,,,,,,,,,,,,,,,,,,,,,,,,,,,,,,,1,,,,,,,,,2,,,,,,,,,,,,,,,2,,,,,,,1,,,,4,,,,,1,1,,,,,,,,,,,,,,,2,,,,,,1,,,2,,,,,,1,,,,,,,,,1,,6,,,,,,,,,,,,,,,,,,,,,,,,,1,,,,,,1,,,,,,,,,,44,,,,,,,,,,,,,,,,,,,,,,,6,,,,,,,,,,,,,,1,,,,,,4,,,,,,,,,,,,,,,,,,,,,,,,,1,,,,,,,,,,,,,,,5,,,,,,,,,,,39,4,,,,,,,,,,,,,4,,,,,18,,,,,,,,,,,,,,,,,,,,,,,,,3,,,,,,,,2,,,,,,,,,,,,,,2,,,,,,,,,,,,4,,,,1,,3,,,2,3,,,,,,,,,,,,3,,,,1,,,,,,,,,,32,,,,,,,,,,,,,,,,,,,,,,,,,,,1,,,,,,,,15,,,,,,,,,,,,,,,,,,,,,,,3,,,,,,,1,,,,,,,,,,,,,,,,,,,,,6,,,,,,,,,,,,,2,,1,,,,,,,,,,,,,,,,,,,,,,,,,178,,,,,,,,,,,,,,,,12,,,,3,,,,,,,5,,,,2,,,,,,,,,,,,,,,,,,,,,,,,,,,,,,,,,,,,,,,,1,,,,4,,,,,,,,,,,,,,,,,,,,,,,,,,,2,,,,,,,,,,,,,,,,,,,,,,,,,,1,,26,,,,,,,,,,,,,,,,,,2,,,,,,,,,,,1,,,,,,,,,,,,,,,,17,,,,,,,,5,,,,,,3,,1,,,,,,,,,,,,,,1,3,,7,,5,,,,,,,,,,,,,1,,,,,,,,,,,,,,,,,91,,,,,,,,,,,,,,,16,,,,,,,,,,,6,,,,21,,,1
14,,,,,,,,,,,,,,,,5,,,,,,,,,,,,,,,,,,,,,,,,,,,,,,,,,,,,,,,,,,,,,,,,,,,,,,,1,,,,,,,,,,,,,,,,,,,,,,,,,,,,,,,,,,,,,,,,,,1,,,,,,,,,,,,,,,,,,,,,,,,,,,,,,,,31,,,,,,,,,,,,,2,,,,,,,,,,,,,,,,,,,,,,,,,,,,,,,,,,,,,,,,1,,,,,,,,,,,,,,,,,,,,,,,,,,,,,,,,,,,,,,,,,,,,,,,,,,,,,,,,,,,,,,,,,,,,,,,,,,,,,,,,,,,,,,,,,,,4,,,,,,,,,,,,,,,,,,,,,,,,,,,,12,,,,,,,,,,,,,,,,,,,,,,,,,,,,,,,,,,,,,,,,,,,,,,,,,,,,4,,,,,,,,,,,,1,,,,,,,,,,,,,,,,,,,,,,7,,,,,,,,,,1,,,,,,,,,,,,,,,,,,,,,,,,,,,,,,,,,,,,,,,,,,,,,,,,,,,,,,,,,,,,,,,,,,,41,,,,,,,,,,,,,,,,,,,,,,,,,,,,,,,,,,,,,,,,,,,2,,,,,,,,,,,,,,,,,,,,,,,,,,,,,,,,,,,,,,,,,,,,,1,,,,,,45,,,,,,,,,,,,,,,,,,,1,,,,,,,,,,,,,,,,,,,,,,,,,2,,,,,,,,,,,,,,,,,,,,,,,,,,,,,,,,,,,,,,,,2,,,1,,,,,,,,,,,,,1,,,,1,,,,,,,,,,1,,,,,,,,,,,,,,,,,,,,,,,,,,,,,,,,,,,16,,,,,,,,,,,,,,,,,,,,,,,,,,,,,,1,,,,,,,,,,,,,,,,,,,,,1,,,,,,,,,3,,,,,,,,,,,,,,,,,3,3,,,,,,,,,,,,,86,,,,,,,3,,,,,,,,,16,,,,,,,,,,,,,,,,,,,,,,,,,,,,,,,,,,,,,,,,,,,,,,,,,,,1,,,,,,,,,,,,,,,,,,,,,,,,,,,,,,,,,,,,,,,,,,,,,,,,,,,,,,,2,,,,,,2,,16,,,,,,,,,,,,,,,,,,,,,,,,,,,,,,,,,,,,,,,,,,,,,10,,,,,,,,,,,,,,4,,,,,,,,,,,,,,,,,5,,1,,,,,,,,,,,,,,,,,,,,,,,,,,,,,,,,42,,,,,,,,,,,,,,,5,,,,,,,,,,,4,,,,39,,,
15,,,,,2,,,,1,,3,,,,,3,,,,,,1,,1,,,,,,,,,,,,,,,,,,,,,,,,,,,,,,,,,,,,,,,,,,,,,,,,,,,,,,,,,,,,1,,,,,,,,,,,,,,,,,,,,,,,,,,,,,1,,,,,,,,,,,,,,,,,,,,,,,1,,,,,,,,,10,,,,,,,,,,,,,3,,,,,,,,,,,,,,,,,,,,,,,,,,,,,,,,,,,,,,,,,,,,,,,,,,,,,,,,,,,,,,,,,,,,,,,,2,,,,,,,,,,,,,,,2,,,,,,,,,,,,,,,,,,,,,,,2,,,,,,,,,,,,,,,,,,,,,3,,,,,,,,,,,,,,,,,,,,,,,,,,,,16,,,,,,,,,,,,,,,,,,,,1,,,,,,,,,,,,,,,,,,1,,1,,,,,,,,,,,,,,,,,,,,,,,,,,,,,,,,,,1,,,,,,,,,,,,,,,,,,,,,,,,,,,,,,,,,,,,,1,,,,,,,,,,,,,,,,,,,,,,,,,,,,,,,,,,,,,,,,,,,,,,,,,,,,50,,,,,2,,,,,,,,,,,,,,,,,,,,,1,,,,,,1,,,,,2,,,,,,8,,,,,,,,,,,,,,,,,,,,,,,,,,,,,,,,,,,,,,,,1,,,,,,,,,,,36,,,,,,,,,,,,,,,,,,,9,,,,,,,,,,,,,,,,,,,,,,,,,,,,,,,,,3,,1,,,,,,,,,,,,,,,,,2,,,,,,,,,,,,,,,,7,,,,,,,,,,,,,1,,,,3,,,,,,1,,,,3,,,,,,,,,,,,,,,,,,,,,,,,1,,,,,,2,,,,,10,,,,,,,,,,,,,,,,,,,,,2,,,,,,,,,,,,,,,,,,,,,2,,,,,,,,,,,,,,,,,,,,,,2,,,,,,,,,,,,,,,,,,,,,,,,,,,95,,,,,,,,,,,,,,,,66,,,,1,,,27,,,,,,,,1,,,,,,,,,,,,,,,,,,,,,,,,,,,,,,,,,,,,,,,,,,,,,,,,,,,,,,,,,,,,,,,,,,,,,,,,,,,,,,,,,,,,,,,,,,,,,,,,,2,,32,,,,,,,,,,,,,,,,,,1,,,,,,,,,,,2,,,,,,,,,,,,,,,,10,,,,,,,,,,,,,,4,,,,,,,,,,,,,,,,,1,,13,,,,,,,,,,,,,,,,,,,,,,,,,,,,,,,,42,,,,,,,,,,,,,,,4,,,,,,,,,,,3,,,,30,,,
16,,,,,2,,,,,,10,,,,,4,,,,,,,,1,,,,,,,,2,,,,,,,,,,,,,,,,,,,,,,,,,,,,,,,,,,,,,,,,,,,,,,,,,,,,,,,,,,,,,,,,,,,,,,,,,,,,,,,,,,,,,,,,8,,,,,,,,,,,,,,,,,,,,,,,,,7,,,,1,,,,,,,,,,,,,,,,,,,,,,,,,,,,,,,,,,,,,,,,,,,,,,,,,,,,,,,,,,,,,,,,,,,,,,,,,,,1,,,,,,,,,,,,,,,,,,,,,,,,,,,,,,,,,,,,,,,,,,,,,,,,,,,,,,,,,,,,,,,,1,,,,,,,,,,,,,,,,,,,,,,,,,,,,,6,,,,,,,,,,,,,,,,,,,,,,,,,,,,,,,,,,,,,,,,1,,,,1,,,,,,,,,,,,,,,,,,,,,,1,,,,,,,,,,,,,,,,,,,,1,,,,,,,,,,,,,,,,,,,,,,,,,,,,,,,,,,,,2,,,,,,,,,,,,,,,,,,,,,,,,,,,,,,,,,,,,,,,,1,32,,,,,,,,2,,,,,,,,,,,,,,,3,,,1,,,,,,,,,,,,,,,,,7,,,,,,,,,,,,,,,,,,,,,,,,,2,,,,,,,,,,,,,,,,,,,,,,,,,,81,,,,,,,,,,,,,,53,,,,,5,,,,,,,,,,,,,,,,,,,,,,,,,,,,,,,,,,,,,,,,,,,,,,,,,,,,,,,,,,,1,,,,,,,,,3,,,,,,,,,,,,,,,,,2,,,,,,,,,1,1,,,,,,,,,,,,,,,,,,,,,,,,,,,,,,,,,,,6,,,,,,,,,,,,,,,,,,,,,,,,,,,,,,1,,,,,,,,,,,,,,,,,,,,,1,,,,,,,,,,,,,,,,,,,,,,,,,,,,,,,,,,,,,,,,54,,,,,,,,,2,,,,,,,3,,,,,,,,,,,,,,,,,,,,,,,,,,,,,,,,,,,,,,,,,,,,,,,,,,,,,,,,,,,,,,,,,,,,,,,,,,,,,,,,,,,,,,,,,,,,,,,,,,,,,,,,,,,,,,,,,,3,,,,,,,,,,,,,,,,,,,,,,,,,1,,,,,,,,,,,,,,,,,,,,4,,,,,,,,,,,,,,4,,,,,,,,,,,,,,,,,1,,2,,,,,,,,,,,,,,,,,,,,,,,,,,,,,,,,24,,,,,,,,,,,,,,,5,,,,,1,,,,,,10,,,,16,,,
17,,,,,,,,,,,,,,,,,,,,,,,,,,,,,,,,,,,,,,,,,,,,,,,,,,,,,,,,,,,,,,,,,,,,,,,,,,,,,,,,,,,,,,,,,,,,,,,,,,,,,,,,,,,,,,,,,,,,,,,,,,,,,,,,,,,,,,,,,,,,,,,,,12,,,,,,,,,,,,,,,,,,,,,,,,,,,,,,,,,,,,,,,,,,,,,,,,,,,,,,,,,,,,,,,,,,,,,,,,,,,,,,,,,,,,,,,,,,,,,,,,,,,,,,,,,,,,,,,,1,,,,,,,,,,,,,,,,,,,,,,,,,,,,1,,,,2,,,,,,,,,,,,,,,,,,,,,,,,,,,,13,,,,,,,,,,,,,,,,,,,,,,,,,,,,,,,,,,,,,,,,,,,,,,,,,,6,,,,,,,,,,,,,,,,,,,,,,,,,,,,,,,,,,,,6,,,,,,,,,,,,,,,,,,,,,,,,,,,,,,,,,,,,,,,,,,,,,,,,,,,,,,,,,,,,,,,,,,,,,,,,,,,,,21,,,,,1,,,,,,1,,,,,,,,,,,,,,,,,,,,,1,,,,,,,,,,,12,,,,,,,,,,,,,,,,,,,,,,,,,,,,,,,,,,,,,,,,,,,,,,,,,,,22,,,,,,,,,,,,,,,,,,,3,,,,,,,,,,,,,,,,,,,,,,,,,1,,,,,,,,,,,,,,,,,,,1,,,,,,,,,,,,,,,,,,,,,,,,8,,,,,,,,,,,,,,,,,,,,,,,,,,,,,,,,,,,,,,,,,,,,,,,,,,,,,,,,,,,,,,23,,,,,,,,,,,,,,,,,,,,,,1,,,,,,,,,,,,,,,,,,,,,,,,,,,,,3,,,,,,,,,1,,,,,,,,,,,,,,,,,,,,,,,,,,,,,,,82,,,,,,,,,,,,,,,,7,,,,1,,,,,,,,,,,,,,,,,,,,,,,,,,,,,,,,,,,,,,,,,,,,,,,,,,2,,,,,,,,,,,,,,,,,,,,,,,,,,,,,,,,,,,,,,,,,,,,,,,,,,,,,,,,,,1,,12,,,,,,,,,,,,,,,,,,,,,,,,,,,,,,,,,,,,,,,,,,,,,3,,,,,,,,,,,,,,,,,,,,,,,,,,,,,,,,,9,,,,,,,,,,,,,,,,,,,,,,,,,,,,,,,,34,,,,,,,,,,,,,,,1,,,,,,,,,,,,,,,14,,,
18,,,,,18,,,,,,8,,,,,2,,,,,,,,2,,,,,,,,,,2,,,,,,,,,,,,,,,,,,,,,,,,,,,,,,,,,,,,,,,,,,,,,,,,,,4,,,,,,,,,,,,,,,,,,,,,,1,,,,,,,,,,,,,,,,,,,,,,,,,,,,,,1,,,,,,,,,9,,,1,,,,,,,1,,,1,1,,,,,,,,,,,,,,,,,,,,,,,,,,,,,,,,,,,,,,,,,,2,,,,,,,,,,,,,,,,,,,,,,,,,,,,,20,1,,,,,,,,,,,,,,,,,,,,,,,,,,,,,,1,,,,,,,2,,,,,,,,,,,,,,,,,,,,,3,,,1,,,,,,,,,,,,,,,,,,,,,,,,,8,,,,,,,,,,,,,,,,,,5,,,,,,,,,,,,,,,,3,,,,,,,,,,,,,,,,,1,2,,,,,,,,,,,,,,,,,,,,,,,,,,,1,,1,,,,,2,,,4,,,,,,,,,,,,,,,,,,,4,,,2,,,,1,,,,,,,8,,,,,,,,,,,,,,,,,,,,,,,,,,,,,,,,,,,,,,,,,20,,,,,,,,,,,,,,,,,,,,,,,,,,2,,,,,,,,1,,,,,,,,,8,,,,,,,,,,,,,,,,,,,,,,,,,,,,,,,1,,,,,,,,,,,,,,,,,,,,9,,,,,,,,,,,,,,1,,,,,7,,,,,,,,,,,,,,,,,,,,,,,,,1,,,,,,,,1,,1,,,,,,,,,,,,3,,,,,1,,,,,,,,,,,,,,,,8,,,,,,,,,,,,,3,1,,,1,,,,,,,,,,1,,,,,,,,,,,,,,,,,,,,,,,,31,,,,,,2,,,,,11,,,,,,,,,,,,,,,,,,,,,1,,2,,,,,,,,,,,,,,,,,,3,,,,,,,,,,2,,,,1,,,,,10,,,,,,,,,,,,,,,8,,1,,,,,,,,,,,,,,54,,,,,,1,,1,,,,,,,,17,,,,3,,,1,,,,,,,,,2,,,,,,,,,,,,,,,,,,,,,,,,,,,,,,,,,,,,,,,,,,,8,,,,,,,,,,,,,,,,,,,,,,,,,,,,,,,,,,,2,,,,1,,,,,,,,,,,,,,2,,8,,,,,,,,,,,,,,,,,,5,,,1,,,,,,,,,,,,,,,,,,,,,,,,11,,,,,,,,,,,,,,2,,,,,,,,,,,,,,,,1,7,,10,,2,,,,,,,,,,,,,,,,,,,,,,,,1,,,,,,26,,,,1,,,,,,,,,,,9,,,,,,,,,,,9,,,,15,,,
19,,,,,4,4,,,,,12,,,,,15,,,,,,,,,,,,,,,,,,5,,,,,,,,,,,,,,,,,,,,4,,,,,,,,,,,,,,,,,,,,,,,2,,,,,,,12,,,,,,,,,,,,,,,,,,,,,,1,,,1,4,,,,,3,,,,,1,,,,,,10,,,,,,,,,,,,,,,,,,,19,,,,,1,,,,,,,,2,,,,,,,,1,,,,,,,,,,,,,,,,,,,,,,,,,,,,,,,,1,,,,,,,,,,,,,,,,,,,,,,,,,,,,,,,,,,,,,,,1,,,,1,,,,,,,,,,,,,,,,3,,,,1,,,,,,,,,,,,,,,,,,,,,,,,,,,6,5,,,,,,,,,,,,,,,,,,,,,,,,,,,,8,,,,,,,,,,,,,,,,,,,,,,,,,,,,,,,,,,,,,,1,,,,,,4,,,,,,1,,,,,,,,,,,,,,48,,4,,,,,,,,,4,,,,,,1,,,,,3,,,,,,,,,,2,,,,,,,,,3,,,,,,1,,,,1,,,,,,,5,,,,,,,,,,,,,,,,,,,,,,,,,,,,,,,,,1,,,,,,,,29,,,,,,,,,,,,,,,,,,,,,,,2,,,2,,,,,,,,,,,1,,,,,,11,,,,,,,,,,,,,,,,,,,,,,,,,,,,,,,,,,,,,,,,,,,,,,,,,,,42,,,,,,,,,,,,,,1,,,,,10,,,,,,,,,,,,,,,,,1,,,,,,,1,1,,,,,,,,4,5,2,,,,,,,,,7,,1,,,,,,1,,,,,,,,,,,,,3,,,6,,,,,,,,,,,,,5,,,,2,,,,,1,,,,,4,,,,,,,,,,,,,,,,,,,,,,,,1,,,2,,,,,,,,18,,,,,,,,,,,,,,,,,,,,,,,,,,,,,,,,1,,,,,,,,,2,,,,,,,,,,5,,,,,,,,,4,,,,1,,,,,,,,,,,,,5,6,,,,,,,,,,,,,132,,,,,,3,,,,4,,,,,,14,,,,1,,,4,,4,,,,,,,1,,,,,,,1,,,,,,,,,,14,,,,,,,,,,,4,,,,,,,2,,,,,,,,3,,,,3,,,2,,,,,,,,,,,,,,,,,,,,,,,,,,,,,,,,3,,,,,,,1,2,,,3,,,20,,20,,,,,,,,,,,,,,,,,,21,,,,,,,,,,,1,,,,,,,,,,,,,,,,15,,,,,,,,,,,,,,17,,,,,,,,,,,,,,,,,3,,1,,11,,,,,,,,,,,,,,,1,,,,,1,,5,,,,,,,,79,,,,,,,,,,,,,,,13,,,,,,,,3,,,10,,,,23,,,
20,,,,,,,,,,,,,,,,,,,,,,,,,,,,,,,,,,,,,,,,,,,,,,,,,,,,,,,,,,,,,,,,,,,,,,,,,,,,,,,,,,,,,,,,,,,,,,,,,,,,,,,,,,,,,,,,,,,,,,,,13,,,,,,,,,,,,,,,,,,,,,,,,,2,,,,,,,,,,,,,,,,,,,,,,,,,,,,,,,,,,,,,,,,,,,,,,,,,,,,,,,,,,,,,,,,,,,,,,,,,,,,,,,,,,,,,,,,,,,,,,,,,,,,,,,,,,,,,,,,,,,,,,,,,,,,,,,,,,,,,,,,,,,,,,,,2,,,,,,,,,,,,,,,,,,,,,,,,,,,,5,,,,,,,,,,,,,,,,,,,,,,,,,,,,,,,,,,,,,,,,,,,,1,,,,,,,,,,1,,,,,,,,,,5,,,,,,,,,,,,,,,,,,,,,,9,,,,,,,,,,,,,,,,,,,,,,,,,,,,,,,,,,,,10,,,,,,,,,,,,,,,,,,,,,,,,,,,,,,,,,,,,,,,,,,,,,,,,,,,,,,,,,,,,,,,,,,,,,,,,,1,,,,,,,,,,,22,,,,,,,,,,,,,,,,,,,,,,,,,,,,,,,,,,,,,,,,,1,,,,,,,,,,,,,,,,,,,,,,,,,,,,,1,,,,,,,,,,,,,,,,,,,,,,,,,,,,,,,,,1,,,,,,,,,,,,,,,,,,,,,,,,,,,,,,,,,,,8,,,,,,,,,,,,,,,,,,,,,,,,,,,,,,,,,,,,,,,,,,,,,,,,,,,,,,,,,,,,,,9,,,,,,,,,,,,,,,,,,,,,,1,,,,,,,,,,,,,,,,,,,,,,,,,,,,,,,,,,,,,,,,,,,,,,,,,,,,,2,,1,,,,,,,,,,,,,,16,,,,,,49,,,,,,,,,,14,,,,,,,1,,,,,,,,,,,,,,,,,,,,,,,,,,,,,,,,,,,,,,,,,,,,,,,,,,,,9,,,,,,,1,,,,,,,,,,,,,,,,,,,,,,,,,,,,,,,,,,,,,,,,,,,,,,1,,10,,,,,,,,,,,,,,,,,,3,,,,,,,,,,,,,,,,,,,,,,,,,,,,,,,,,,,,,,,,,4,,,,,,,,,,,,,,,,,,,1,,,,,,,,,,,,,,,,,,,,,,,,,,,,,,,,18,,,,,,,,,,,,,,,,,,,,,,,,,,23,,,,,,,
21,1,,,,,,,,,,,,,,,,,,,,,,,,,,,,,,,,,,,,,,,,,,,,,,,,,,,,,,,,,,,,,,,,,,,,,,,,,,,,,,,,,,,,,,,,,,,,,,,,,,,,,,,,,,,,,,,,,,,,,,,,,,,,,,,,,,,,,,,,,,,,,,,,,,,,,,,,,,,,,,,,,,,,,,,,,,,,,,,,,,,,,,,,,,,,,,,,,,,,,,,,,,,,,,,,,,,,,,,,,,,,,,,,,,,,,,,,,,,,,,,,,,,,,,,,1,,,,,,,,,,,,,,,,,,,,,,,,,,,,,,,,,,,,,,,,,,,,,,,,,,,,,,,,,,,,,,,,,,,,,,,,,,,,,,,,,,,,,,,,,,,,,,,,,,,,,,,,,,,,,,,,,,,,,,,,,,,,,,,,,,,,,,,,,,,,,,,,,,,,,,,,,,,,,,,,,,,,,,,,,,,,,,,,,,,,,,,,,,,,,,,,,,,,,,,,,,,,,,,,,,,,,,,,,,,,,,,,,,,,,,,,,,,,,,,,,,,,,,,,,,,,,,,,,,,,,,,,,,,,,,,,,,1,,,,,,,,,,,,,,,,,,,,,,,,,,,,,,,,,,,,,,,,,,,,,,,,,,,,,,,,,,,,,,,,,,1,,,,,,,,,,,,,,,,,,,,,,,,,,,,,,,,,,,,,,,,,,,,,,,,,,,,,,,,,,,,,,,,,,,,,,,,,,,,,,,,,,,,,,,,,,,,,,,,,,,,,,,,,,,,,,,,,,,,,,,,,,,,,,,,,,,,,,,,,,,,,,,,,,,,,,,,,,,,,,,,,,,,,,,,,,,,,,,,,,,,,,,,,,,,,,,,,,,,,,,,,,,,,,,,,,,,,,,,,,,,,,,,,,,,,,,,,,,,,,,,,,,,,,,,,,,,,,,,,,,,,,,,,,,,,,,,,,,,,,,,,,,,,,,,,,,,,,,,,,,,,,,,,,,,,,,,,,,,,,,,,,,,,,,,,,,,,,,,,,,,,,,,,,,,,,,,,,,7,,,,,,,,,,,,,,,,,,,,,,,,,,,,,,,,,,,,,,,,,,,,,,,,,,,,,,,,,,,,,,,,,,,,,,,,,,,,,,,,,,,,,,,,,,,,,,,,,,,,,,,,,,,,,,,,,,,,,,,,,,,,,,,,,,,,,,,,,,,,,,,
22,,,,,,,,,,,,,,,,1,,,,,,,,,,,,,,,,,,,,,,,,,,,,,,,,,,,,,,,,,,1,,,,,,,,,,,,,,,,,,,,,,,,,,,,,,,,,,,,,,,,,,,,,,,,,,,,,,,,,,,,,,,,,,,,,,,,,,,,,,,,,,,,,,,1,,,,,,,,,,,,,,,,,,,,,,,,,,,,,,,,,,,,,,,,,,,,,,,,,,,,,,,,,,,,,,,,,,,,,,,,,,,,,,,,,,,,,,,,,,,,,,,,,,,,,,,,,,,,,,,,,,,,,,,,,,,,,,,,,,,,,,,,,,,,,,,,,,,,,,,,,,,,,,,,,,,,,,,,,,,,2,,,,,,,,,,,,,,,,,,,,,,,,,,,,,,,,,,,,,,,,,,,,,,,,,,,,,,,,,,,,,,,,,,,,,,,,,,,1,,,,,,,,,,,,,,,,,,,,,,,,,,,,,,,,,,,,,,,,,,,,,,,,,,,,,,,,,,,,,,,,,,,,,,,,,,,,,,,,,,,,,,,,1,,,,,,,,,,,,,,,,,,,,,,,,,,,,,,,,1,,,,,,,,,,,,,,,,,,,,,,,,,,,,,,,,,,,,,,,,,,,,,,,,,,,,,1,,,,,,,,,2,,,,,,,,,,,,,,,,,,,,,,,,,,,,,,,,,,,,,,,,,,,,,,,,,,,,,,,,,,,,,,,,,,,,,,,,,,,,,,,,,,,,,,,,,,,,,,,,,,,,,,,,,,,,,,,,,,,,,,,,,,,,,,,,,,,,,,,,,,,,,,,,,,,,,2,,,,,,,,,,,,,,,,,,,,,,,,,,,,,,,,,,,,,,,,,,,,,,,,,,,,,,,,,,,,,,,,,,,,,,,,,,,,,,,,,,,,,,,,,,,21,,,,,,,,,,,,,,,,,,,,,1,,,,,,,,,,,,,,,,,,,,,,,,,,,,,,,,,,,,,,,,,,,,,,,,,,,,,,,,,,,,,,,,,,,,,,,,,,,,,,,,,,,,,,,,,,,,,,,,,,,,,,,,,,,,,,,,,,,,,,,,,,,,,,,,,,,,,,,,,,,,,,,,,,,,,,,,,,,,,,,,,,,,,,,,,,,,,,,,,,,,2,,,,,,,,,,,,,,,,,,,,,,,,,,,,,,,,,,,,,,,2,,,,,,,,,,,,,,,,,,,,,,,,,,,,1,,2,,,
23,,,,,,,,,,,,,,,,,,,,,,,,,,,,,,,,,,,,,,,,,,,,,,,,,,,,,,,,,,,,,,,,,,,,,,,,,,,,,,,,,,,,,,,,,,,,,,,,,,,,,,,,,,,,,,,,,,,,,,,,,,,,,,,,,,,,,,,,,,,,,,,,,,,,,,,,,,,,,,,,,,,,,,,,,,,,,,,,,,,,,,,,,,,,,,,,,,,,,,,,,,,,,,,,,,,,,,,,,,,,,,,,,,,,,,,,,,,,,,,,,,,,,,,,,,,,,,,,,,,,,,,,,,,,,,,,,,,,,,,,,,,,,,,,,,,,,,,,,,,,,,,,,,,,,,,,,,,,,,,,,,,,,,,,,,,,,,,,,,,,,,,,,,,,,,,,,,,,,,,,,,,,,,,,,,,,,,,,,,,,,,,,,,,,,,,,,,,,,,,,,,,,,,,,,,,,,,,,,,,,,,,,,,,,,,,,,,,,,,,,,,,,,,,,,,,,,,,,,,,,,,,,,,,,,,,,,,,,,,,,,,,,,,,,,,,,,,,,,,,,,,,,,,,,,,,,,,,,,,,,,,,,,,,,,,,,,,,,,,,,,,,,,,,,,,,,,,,,,,,,,,,,,,5,,,,,,,,,,,,,,,,,,,,,,,,,,,,,,,,,,,,,,,,,,,,,,,,,,,,,,,,,,,,,,,,,,,,,,,,,,,,,,,,,,,,,,,,,,,,,,,,,,,,,,,,,,,,,,,,,,,,,,,,,,,,,,,,,,,,,,,,,,,,,,,,,,,,,,,,,,,,,,,,,,,,,,,,,,,,,,,,,,,,,,,,,,,,,,,,,,,,,,,,,,,,,,,,,,,,,,,,,,,,,,,,,,,,,,,,,,,,,,,,,,,,,,,,1,,,,,,,,,,,,,,,,,,,,,,,,,,,,,,,,,,,,,,,,,,,,,,,,,,,,,,,,,,,,,,,,,,,,,,,,,,,,,,,,,,,,,,,,,,,,,,,,,,,,,,,,,,,,,,,,,,,,,,,,,,,,,,,,,,,,,,,,,,,,,,,,,,,,,,,,,,,,,,,,,,,,,,,,,,,,,,,,,,,,,,,,,,,,,,,,,,,,,,,,,,,,,,,,,,,,,,,,,,,,,,,,,,,,,,,,,,,,,,,,,,,,,,,,,,,,,,,,,,,,,,,,,,,,,,,,,
24,,,,,,,,,,,,,,,,,,,,,,,,,,,,,,,,,,,,,,,,,,,,,,,,,,,,,,,,,,,,,,,,,,,,,,,,,,,,,,,,,,,,,,,,,,,,,,,,,,,,,,,,,,,,,,,,,,,,,,,,,,,,,,,,,,,,,,,,1,,,,,,,,,,,,,,,,,,,,,,,,,,,,,,,,,,,,,,,,,,,,,,,,,,,,,,,,,,,,,,,,,,,,,,,,,,,,,,,,,,,,,,,,,,,,,,,,,,,,,,,,,,,,,,,,,,,,,,,,,,,,,,,,,,,,,,,,,,,,,,,,,,,,,,,,,,,,,,,,,,,,,,,,,,,,,,,,,,,,,,,,,,,,,,,,,,,,,,,,,,,,,,,,,,,,,,,,,,,,,,,,,,,,,,,,,,,,,,,,,,,,,,,,,,,,,,,,,,,,,,,,,,,,,,,,,,,,,,,,,,,,,,,,,,,,,,,,,,,,,,,,,,,,,,,,,,,,,,,,,,,,,,,,,,,,,,,,,,,,,,,,4,,,,,,,,,,,,,,,,,,,,,,,,,,,,,,,,,,,,,,,,,,,,,,,,,,,,,,,,,,,,,,,,,,,,,,,,,,,,,,,,,,,,,,,,,,,,,,,,,,,,,,,,,,,,,,,,,,,,,,,,,,,,,,,,,,,,,,,,,,,,,,,,,,,,,,,,,,,,,,,,,,,,,,,,,,,,,,,,,,,,,,,,,,,,,,,,,,,,,,,,,,,,,,,,,,,,,,,,,,,,,,,,,,,,,,,,,,,,,,,,,,,,,,,,,,,,,,,,,,,,,,,,,,,,,,,,,,,,,,,,,,,,,,,,,,,,,,,,,,,,,,,,,,,,,,,,,,,,,,,,,,,,,,,,,,,,,,11,,,,,,,,,,,,,,,,,,,,,,,,,,,,,,,,,,,,,,,,,,,,,,,,,,,,,,,,,,,,,,,,,,,,,,,,,,,,,,,,,,,,,,,,,,,,,,,,,,,,,,,,,,,,,,,,,,,,,,,,,,,,,,,,,,,,,,,,,,,,,,,,,,,,,,,,,,,,,,,,,,,,,,,,,,,,,,,,,,,,,,,,,,,,,,,,,,,,,,,,,,,,,,,,,,,,,,,,,,,,,,,,,,,,,,,,,,,,,,,,,,,,,,,,,,,,,,,,,,,,,,,,,,,,,,,,,
25,,,,,,,,,,,,,,,,,,,,,,,,,,,,,,,,,,,,,,,,,,,,,,,,,,,,,,,,,,,,,,,,,,,,,,,,,,,,,,,,,,,,,,,,,,,,,,,,,,,,,,,,,,,,,,,,,,,,,,,,,,,,,,,,,,,,,,,,,,,,,,,,,,,,,,,,,,,,,,,,,,,,,,,,,,,,,,,,,,,,,,,,,,,,,,,,,,,,,,,,,,,,,,,,,,,,,,,,,,,,,,,,,,,,,,,,,,,,,,,,,,,,,,,,,,,,,,,,,,,,,,,,,,,,,,,,,,,,,,,,,,,,,,,,,,,,,,,,,,,,,,,,,,,,,,,,,,,,,,,,,,,,,,,,,,,,,,,,,,,,,,,,,,,,,,,,,,,,,,,,,,,,,,,,,,,,,,,,,,,,,,,,,,,,,,,,,,,,,,,,,,,,,,,,,,,,,,,,,,,,,,,,,,,,,,,,,,,,,,,,,,,,,,,,,,,,,,,,,,,,,,,,,,,,,,,,,,,,,,,,,,,,,,,,,,,,,,,,,,,,,,,,,,,,,,,,,,,,,,,,,,,,,,,,,,,,,,,,,,,,,,,,,,,,,,,,,,,,,,,,,,,,,,,,,,,,,,,,,,,,,,,,,,,,,,,,,,,,,,,,,,,,,,,,,,,,,,,,,,,,,,,,,,,,,,,,,,,,,,,,,,,,,,,,,,,,,,,,,,,,,,,,,,,,,,,,,,,,,,,,,,,,,,,,,,,,,,,,,,,,,,,,,,,,,,,,,,,,,,,,,,,,,,,,,,,,,,,,,,,,,,,,,,,,,,,,,,,,,,,,,,,,,,,,,,,,,,,,,,,,,,,,,,,,,,,,,,,,,,,,,,,,,,,,,,,,,,4,,,,,,,,,,,,,,,,,,,,,,,,,,,,,,,,,,,,,,,,,,,,,,,,,,,,,,,,,,,,,,,,,,,,,,,,,,,,,,,,,,,,,,,,,,,,,,,,,,,,,,,,,,,,,,,,,,,,,,,,,,,,,,,,,,,,,,,,,,,,,,,,,,,,,,,,,,,,,,,,,,,,,,,,,,,,,,,,,,,,,,,,,,,,,,,,,,,,,,,,,,,,,,,,,,,,,,,,,,,,,,,,,,,,,,,,,,,,,,,,,,,,,,,,,,,,,,,,,,,,,,,,,,,,,,,,,
